time,level_X.173A,level_X.44,level_X.90,rain_SLA001,rain_SLA002,rain_SLA003
2025-01-09 00:00:00,9.98,0.75,3.25,0.0,0.0,0.0
2025-01-09 01:00:00,9.98,0.74,3.24,0.0,0.0,0.0
2025-01-09 02:00:00,9.98,0.71,3.23,0.0,0.0,0.0
2025-01-09 03:00:00,9.98,0.7,3.21,0.0,0.0,0.0
2025-01-09 04:00:00,9.97,0.71,3.2,0.0,0.0,0.0
2025-01-09 05:00:00,9.97,0.72,3.19,0.0,0.0,0.0
2025-01-09 06:00:00,9.97,0.74,3.18,0.0,0.0,0.0
2025-01-09 07:00:00,9.97,0.76,3.17,0.0,0.0,0.0
2025-01-09 08:00:00,9.98,0.77,3.16,0.0,0.0,0.0
2025-01-09 09:00:00,9.98,0.76,3.14,0.0,0.0,0.0
2025-01-09 10:00:00,9.98,0.75,3.12,0.0,0.0,0.0
2025-01-09 11:00:00,9.98,0.74,3.11,0.0,0.0,0.0
2025-01-09 12:00:00,9.97,0.73,3.09,0.0,0.0,0.0
2025-01-09 13:00:00,9.97,0.72,3.09,0.0,0.0,0.0
2025-01-09 14:00:00,9.97,0.71,3.07,0.0,0.0,0.0
2025-01-09 15:00:00,9.97,0.71,3.06,0.0,0.0,0.0
2025-01-09 16:00:00,9.97,0.7,3.05,0.0,0.0,0.0
2025-01-09 17:00:00,9.97,0.73,3.03,0.0,0.0,0.0
2025-01-09 18:00:00,9.97,0.76,3.02,0.0,0.0,0.0
2025-01-09 19:00:00,9.97,0.79,3.01,0.0,0.0,0.0
2025-01-09 20:00:00,9.97,0.81,3.0,0.0,,0.0
2025-01-09 21:00:00,9.97,0.82,2.99,0.0,,0.0
2025-01-09 22:00:00,9.97,0.81,2.98,0.0,0.0,0.0
2025-01-09 23:00:00,9.97,0.8,2.97,0.0,0.0,0.0
2025-01-10 00:00:00,9.96,0.76,2.96,0.0,0.0,0.0
