timestamp,water_level_X.173A,water_level_X.44,water_level_X.90,rain_SLA001,rain_SLA002,rain_SLA003
2025-11-20 00:00:00,11.89,1.83,2.79,3.6,0.0,3.8
2025-11-20 01:00:00,12.03,2.12,2.89,14.8,0.0,1.6
2025-11-20 02:00:00,12.18,2.17,2.98,9.4,0.0,5.2
2025-11-20 03:00:00,12.33,2.17,3.06,2.4,0.0,4.4
2025-11-20 04:00:00,12.46,2.17,3.15,3.2,0.0,6.0
2025-11-20 05:00:00,12.57,2.2,3.26,5.2,0.0,2.6
2025-11-20 06:00:00,12.67,2.2,3.37,3.2,0.0,2.2
2025-11-20 07:00:00,12.77,2.26,3.48,4.8,0.0,2.0
2025-11-20 08:00:00,12.87,2.29,3.59,1.0,0.0,0.8
2025-11-20 09:00:00,12.96,2.31,3.69,0.6,0.0,0.2
2025-11-20 10:00:00,13.05,2.34,3.8,0.0,0.0,0.0
2025-11-20 11:00:00,13.14,2.48,3.89,12.0,0.0,0.2
2025-11-20 12:00:00,13.22,2.58,4.0,2.2,0.0,0.8
2025-11-20 13:00:00,13.31,2.64,4.13,8.0,0.0,9.0
2025-11-20 14:00:00,13.39,2.71,4.24,6.8,0.0,0.8
2025-11-20 15:00:00,13.46,2.75,4.34,0.6,0.0,0.0
2025-11-20 16:00:00,13.51,2.78,4.42,0.0,0.0,0.0
2025-11-20 17:00:00,13.61,2.82,4.54,0.0,0.0,0.0
2025-11-20 18:00:00,13.68,2.84,4.62,0.0,0.0,0.4
2025-11-20 19:00:00,13.74,2.87,4.73,0.0,0.0,0.0
2025-11-20 20:00:00,13.81,2.89,4.8,0.0,0.0,0.0
2025-11-20 21:00:00,13.86,2.92,4.89,0.2,0.0,0.8
2025-11-20 22:00:00,13.93,2.95,4.96,0.0,0.0,0.2
2025-11-20 23:00:00,13.98,2.97,5.01,0.0,0.0,0.0
2025-11-21 00:00:00,14.03,2.98,5.07,0.0,0.0,0.2
2025-11-21 01:00:00,14.08,3.0,5.11,0.0,0.0,0.2
2025-11-21 02:00:00,14.14,3.02,5.15,0.4,0.0,1.6
2025-11-21 03:00:00,14.18,3.04,5.18,0.0,0.0,0.2
2025-11-21 04:00:00,14.22,3.04,5.22,0.4,0.0,0.2
2025-11-21 05:00:00,14.26,3.06,5.26,2.4,0.0,0.6
2025-11-21 06:00:00,14.3,3.06,5.3,2.6,0.0,1.2
2025-11-21 07:00:00,14.32,3.16,5.36,14.0,0.0,0.6
2025-11-21 08:00:00,14.35,3.34,5.48,24.2,0.0,10.6
2025-11-21 09:00:00,14.38,3.46,5.59,5.8,0.0,3.2
2025-11-21 10:00:00,14.4,3.5,5.68,2.2,0.0,5.6
2025-11-21 11:00:00,14.44,3.54,5.79,6.0,0.0,13.2
2025-11-21 12:00:00,14.47,3.66,5.94,28.4,0.0,4.8
2025-11-21 13:00:00,14.5,3.9,6.13,22.0,0.0,12.0
2025-11-21 14:00:00,14.53,4.0,6.3,9.4,0.0,8.2
2025-11-21 15:00:00,14.61,4.03,6.46,1.6,0.0,28.4
2025-11-21 16:00:00,14.67,4.09,6.59,2.8,0.0,14.8
2025-11-21 17:00:00,14.72,4.15,6.72,2.8,0.0,3.6
2025-11-21 18:00:00,14.8,4.3,6.88,15.2,0.0,3.4
2025-11-21 19:00:00,14.84,4.48,7.07,26.4,0.0,1.2
2025-11-21 20:00:00,14.91,4.76,7.27,18.6,0.0,3.4
2025-11-21 21:00:00,14.99,4.94,7.51,27.2,0.0,0.8
2025-11-21 22:00:00,15.05,5.16,7.75,24.2,0.0,0.4
2025-11-21 23:00:00,15.15,5.26,8.0,4.0,0.0,25.6
2025-11-22 00:00:00,15.24,5.42,8.29,11.4,0.0,11.6
2025-11-22 01:00:00,15.32,5.59,8.53,4.8,0.0,2.4
2025-11-22 02:00:00,15.37,5.81,8.73,0.2,0.0,3.4
2025-11-22 03:00:00,15.43,6.01,8.89,2.6,0.0,1.8
2025-11-22 04:00:00,15.52,6.17,9.03,0.6,0.0,5.6
2025-11-22 05:00:00,15.59,6.31,9.11,3.4,0.0,12.2
2025-11-22 06:00:00,15.66,6.46,9.21,10.6,0.0,4.4
2025-11-22 07:00:00,15.73,6.61,9.32,11.6,0.0,7.0
2025-11-22 08:00:00,15.8,6.74,9.45,13.8,0.0,0.8
2025-11-22 09:00:00,15.85,6.87,9.5,15.8,0.0,1.6
2025-11-22 10:00:00,15.91,6.99,9.64,7.2,0.0,0.2
2025-11-22 11:00:00,15.96,7.11,9.73,12.0,0.0,7.2
2025-11-22 12:00:00,16.03,7.22,9.8,4.0,0.0,22.2
2025-11-22 13:00:00,16.07,7.41,9.88,8.4,0.0,1.8
2025-11-22 14:00:00,16.1,7.55,9.91,5.4,0.0,3.6
2025-11-22 15:00:00,16.13,7.68,9.99,5.4,0.0,7.4
2025-11-22 16:00:00,16.17,7.75,10.02,1.2,0.0,12.4
2025-11-22 17:00:00,16.18,7.79,10.07,0.0,0.0,0.0
2025-11-22 18:00:00,16.2,7.81,10.06,0.0,0.0,0.0
2025-11-22 19:00:00,16.19,7.83,10.07,2.8,0.0,1.8
2025-11-22 20:00:00,16.19,7.86,10.11,2.0,0.0,0.2
2025-11-22 21:00:00,16.19,7.87,10.07,5.2,0.0,0.8
2025-11-22 22:00:00,16.18,7.9,10.1,0.4,0.0,0.2
2025-11-22 23:00:00,16.17,7.91,10.12,0.4,0.0,8.0
2025-11-23 00:00:00,16.16,7.91,10.11,1.0,0.0,0.6
2025-11-23 01:00:00,16.16,7.91,10.07,1.0,0.0,15.2
2025-11-23 02:00:00,16.16,7.89,10.1,1.4,0.0,1.2
2025-11-23 03:00:00,16.16,7.87,10.07,0.0,0.0,4.8
2025-11-23 04:00:00,16.15,7.84,10.03,0.4,0.0,11.8
2025-11-23 05:00:00,16.19,7.8,10.02,0.0,0.0,19.6
2025-11-23 06:00:00,16.22,7.76,10.0,0.4,0.0,3.6
2025-11-23 07:00:00,16.27,7.71,9.99,0.0,0.0,26.6
2025-11-23 08:00:00,16.32,7.67,9.97,2.8,0.0,10.4
2025-11-23 09:00:00,16.34,7.64,9.93,1.4,0.0,3.2
2025-11-23 10:00:00,16.42,7.6,9.94,1.4,1.8,35.8
2025-11-23 11:00:00,16.53,7.55,9.9,3.2,2.6,42.6
2025-11-23 12:00:00,16.65,7.5,9.87,1.2,5.2,19.6
2025-11-23 13:00:00,16.73,7.46,9.87,1.2,4.0,11.2
2025-11-23 14:00:00,16.78,7.43,9.89,4.0,3.0,17.0
2025-11-23 15:00:00,16.89,7.4,9.88,2.4,0.0,6.2
2025-11-23 16:00:00,16.98,7.36,9.93,0.4,0.8,2.6
2025-11-23 17:00:00,17.09,7.33,10.0,0.0,1.8,4.0
2025-11-23 18:00:00,17.19,7.3,10.11,1.6,2.0,9.2
2025-11-23 19:00:00,17.25,7.31,10.17,0.8,1.4,3.0
2025-11-23 20:00:00,17.3,7.32,10.29,0.6,1.4,11.0
2025-11-23 21:00:00,17.34,7.36,10.38,4.6,6.4,15.0
2025-11-23 22:00:00,17.36,7.4,10.49,3.4,4.2,17.2
2025-11-23 23:00:00,17.36,7.45,10.6,4.6,5.6,6.4
2025-11-24 00:00:00,17.36,7.5,10.75,4.8,6.4,12.2
2025-11-24 01:00:00,17.37,7.55,10.79,20.0,26.8,5.6
2025-11-24 02:00:00,17.35,7.61,10.96,3.2,4.6,4.8
2025-11-24 03:00:00,17.34,7.66,10.99,4.4,6.8,6.2
2025-11-24 04:00:00,17.33,7.75,11.08,3.2,2.0,1.4
2025-11-24 05:00:00,17.35,7.81,11.1,4.4,4.2,13.4
2025-11-24 06:00:00,17.36,7.9,11.16,1.8,2.0,2.0
2025-11-24 07:00:00,17.39,7.99,11.22,0.0,0.2,4.8
2025-11-24 08:00:00,17.41,8.07,11.27,0.0,4.6,3.8
2025-11-24 09:00:00,17.45,8.15,11.3,0.0,8.2,6.2
2025-11-24 10:00:00,17.5,8.22,11.39,0.0,14.8,10.2
2025-11-24 11:00:00,17.53,8.27,11.43,0.0,0.2,8.6
2025-11-24 12:00:00,17.62,8.38,11.51,0.0,21.2,38.2
2025-11-24 13:00:00,17.66,8.45,11.54,0.0,6.0,6.2
2025-11-24 14:00:00,17.7,8.52,11.61,0.0,6.4,18.0
2025-11-24 15:00:00,17.78,8.6,11.7,0.0,14.0,43.6
2025-11-24 16:00:00,17.81,8.7,11.79,0.0,9.8,6.4
2025-11-24 17:00:00,17.83,8.78,11.9,0.0,9.2,5.8
2025-11-24 18:00:00,17.85,8.87,11.99,0.0,11.0,6.6
2025-11-24 19:00:00,17.87,8.98,12.1,0.0,21.6,26.4
2025-11-24 20:00:00,17.9,9.08,12.13,0.0,11.8,18.4
2025-11-24 21:00:00,17.95,9.2,12.14,0.0,17.8,21.8
2025-11-24 22:00:00,17.97,9.32,12.103846153846154,0.0,2.6,0.8
2025-11-24 23:00:00,17.97,9.42,12.067692307692308,0.0,1.4,2.4
2025-11-25 00:00:00,17.99,9.51,12.031538461538462,0.0,3.8,2.6
2025-11-25 01:00:00,17.97,9.6,11.995384615384616,0.0,1.8,3.6
2025-11-25 02:00:00,18.0,9.68,11.95923076923077,0.0,23.8,23.8
2025-11-25 03:00:00,17.96,9.76,11.923076923076923,0.0,12.0,1.2
2025-11-25 04:00:00,17.92,9.82,11.886923076923075,0.0,0.0,3.6
2025-11-25 05:00:00,17.88,9.88,11.850769230769233,0.0,0.0,0.6
2025-11-25 06:00:00,17.84,9.91,11.814615384615385,0.0,0.0,0.4
2025-11-25 07:00:00,17.77,9.94,11.77846153846154,0.0,0.0,1.8
2025-11-25 08:00:00,17.72,9.96,11.742307692307692,0.0,0.0,3.8
2025-11-25 09:00:00,17.64,9.96,11.706153846153846,0.0,0.0,0.8
2025-11-25 10:00:00,17.56,9.97,9.79,0.0,0.0,6.8
2025-11-25 11:00:00,17.5,9.96,9.79,0.0,0.0,0.2
2025-11-25 12:00:00,17.41,9.95,9.79,0.0,0.0,0.6
2025-11-25 13:00:00,17.32,9.93,9.79,0.0,0.0,1.4
2025-11-25 14:00:00,17.26,9.88,9.79,0.0,0.0,0.6
2025-11-25 15:00:00,17.19,9.83,9.79,0.0,0.0,0.0
2025-11-25 16:00:00,17.11,9.78,9.79,0.0,0.0,0.0
2025-11-25 17:00:00,17.05,9.73,9.79,0.0,0.0,3.2
2025-11-25 18:00:00,16.99,9.66,9.79,0.0,0.0,3.4
2025-11-25 19:00:00,16.94,9.6,9.79,0.0,0.0,0.0
2025-11-25 20:00:00,16.9,9.52,9.79,0.0,0.0,2.2
2025-11-25 21:00:00,16.83,9.46,9.79,0.0,0.0,0.2
2025-11-25 22:00:00,16.78,9.39,9.79,0.0,0.0,0.4
2025-11-25 23:00:00,16.75,9.33,9.79,0.0,0.0,0.0
2025-11-26 00:00:00,16.7,9.28,9.79,0.0,0.0,2.6
2025-11-26 01:00:00,16.67,9.24,9.79,0.0,0.0,7.0
2025-11-26 02:00:00,16.65,9.17,9.79,0.0,0.0,0.6
2025-11-26 03:00:00,16.6,9.1,9.79,0.0,0.0,1.8
2025-11-26 04:00:00,16.58,9.03,9.79,0.0,0.0,5.4
2025-11-26 05:00:00,16.57,8.97,9.79,0.0,0.0,11.6
2025-11-26 06:00:00,16.56,8.92,9.79,0.0,0.0,9.0
2025-11-26 07:00:00,16.53,8.87,9.79,0.0,0.0,1.4
2025-11-26 08:00:00,16.52,8.82,9.79,0.0,0.0,9.6
2025-11-26 09:00:00,16.51,8.77,9.79,0.0,0.0,4.0
2025-11-26 10:00:00,16.5,8.7,9.79,0.0,0.0,7.6
2025-11-26 11:00:00,16.49,8.64,9.79,0.0,0.0,8.8
2025-11-26 12:00:00,16.47,8.58,9.79,0.0,0.0,1.6
2025-11-26 13:00:00,16.46,8.52,9.79,0.0,0.0,24.0
2025-11-26 14:00:00,16.48,8.46,9.79,0.0,0.0,1.8
2025-11-26 15:00:00,16.46,8.39,9.79,0.0,0.0,6.0
2025-11-26 16:00:00,16.45,8.34,9.79,0.0,0.0,4.8
2025-11-26 17:00:00,16.45,8.29,9.79,0.0,0.0,0.0
2025-11-26 18:00:00,16.43,8.22,9.79,0.0,0.0,0.0
2025-11-26 19:00:00,16.43,8.16,9.79,0.0,0.0,0.0
2025-11-26 20:00:00,16.42,8.11,9.79,0.0,0.0,0.0
2025-11-26 21:00:00,16.41,8.05,9.79,0.0,0.0,0.0
2025-11-26 22:00:00,16.42,8.01,9.79,0.0,0.0,0.0
2025-11-26 23:00:00,16.42,7.96,9.79,0.0,0.0,0.0
2025-11-27 00:00:00,16.43,7.88,9.79,0.0,0.0,0.0
2026-09-29 16:00:00,,,3.04,,,
2026-09-29 17:00:00,2.53,2.52,4.19,,,
2026-10-01 12:00:00,3.08,2.23,3.49,,,
2026-10-01 13:00:00,6.464,6.464,6.464,,,
2026-10-02 04:00:00,6.464,6.464,7.466,,,
2026-10-02 06:00:00,6.464,6.464,6.464,,,
2026-10-02 07:00:00,6.464,0.6,6.464,,,
2026-10-02 08:00:00,11.62,0.6,2.75,,,
2026-10-02 09:00:00,11.62,0.6,2.75,,,
2026-10-03 18:00:00,12.270000457763672,0.7200000286102295,3.109999895095825,,,
2026-10-03 19:00:00,12.270000457763672,0.7300000190734863,3.150000095367432,,,
2026-10-03 20:00:00,12.270000457763672,0.7300000190734863,3.200000047683716,,,
2026-10-03 21:00:00,12.260000228881836,0.7400000095367432,3.25,,,
2026-10-03 22:00:00,12.25,0.75,3.299999952316284,,,
2026-10-03 23:00:00,12.239999771118164,1.1200000047683716,3.3399999141693115,,,
2026-10-04 00:00:00,12.220000267028809,1.3799999952316284,3.2799999713897705,,,
2026-10-04 01:00:00,12.199999809265137,1.440000057220459,3.2300000190734863,,,
2026-10-04 02:00:00,12.18000030517578,1.4600000381469729,3.200000047683716,,,
2026-10-04 03:00:00,12.149999618530272,1.4600000381469729,3.1600000858306885,,,
2026-10-04 04:00:00,12.140000343322754,1.4500000476837158,3.140000104904175,,,
2026-10-04 05:00:00,12.119999885559082,1.440000057220459,3.109999895095825,,,
2026-10-04 06:00:00,12.109999656677246,1.4199999570846558,3.0799999237060547,,,
2026-10-04 07:00:00,12.09000015258789,1.409999966621399,3.049999952316284,,,
2026-10-04 08:00:00,12.079999923706056,1.3899999856948853,3.0299999713897705,,,
2026-10-04 09:00:00,12.06999969482422,1.3799999952316284,3.0,,,
2026-10-04 10:00:00,12.0600004196167,1.3700000047683716,2.9800000190734863,,,
2026-10-04 11:00:00,12.050000190734863,1.2300000190734863,2.970000028610229,,,
2026-10-04 12:00:00,12.039999961853027,1.2000000476837158,2.970000028610229,,,
2026-10-04 13:00:00,12.039999961853027,1.190000057220459,2.970000028610229,,,
2026-10-04 14:00:00,12.020000457763672,1.190000057220459,2.9800000190734863,,,
2026-10-04 15:00:00,12.020000457763672,1.190000057220459,2.970000028610229,,,
2026-10-04 16:00:00,12.010000228881836,1.1799999475479126,2.970000028610229,,,
2026-10-04 17:00:00,12.0,1.1799999475479126,2.970000028610229,0.0,0.0,0.0
2026-10-04 18:00:00,12.0,1.1699999570846558,2.970000028610229,0.0,0.0,0.0
2026-10-04 19:00:00,11.989999771118164,1.1699999570846558,2.9600000381469727,0.0,0.0,0.0
2026-10-04 20:00:00,12.0,1.159999966621399,2.9600000381469727,0.0,0.0,0.0
2026-10-04 21:00:00,11.989999771118164,1.159999966621399,2.9600000381469727,0.0,0.0,0.0
2026-10-04 22:00:00,11.989999771118164,1.159999966621399,2.9600000381469727,0.0,0.0,0.0
2026-10-04 23:00:00,11.989999771118164,1.159999966621399,2.950000047683716,0.0,0.0,0.0
2026-10-05 00:00:00,11.979999542236328,1.149999976158142,2.950000047683716,0.0,0.0,0.0
2026-10-05 01:00:00,11.979999542236328,1.159999966621399,2.950000047683716,0.0,0.0,0.0
2026-10-05 02:00:00,11.979999542236328,1.159999966621399,2.940000057220459,0.0,0.0,0.0
2026-10-05 03:00:00,11.979999542236328,1.159999966621399,2.940000057220459,0.0,0.0,0.0
2026-10-05 04:00:00,11.979999542236328,1.159999966621399,2.930000066757202,0.0,0.0,0.0
2026-10-05 05:00:00,11.970000267028809,1.149999976158142,2.930000066757202,0.0,0.0,0.0
2026-10-05 06:00:00,11.970000267028809,1.1399999856948853,2.9200000762939453,0.0,0.0,0.0
2026-10-05 07:00:00,11.970000267028809,1.1399999856948853,2.9200000762939453,0.0,0.0,0.0
2026-10-05 08:00:00,11.970000267028809,1.149999976158142,2.9100000858306885,1.4,0.0,0.0
2026-10-05 09:00:00,11.960000038146973,1.159999966621399,2.9100000858306885,0.0,0.0,0.0
2026-10-05 10:00:00,11.949999809265137,1.159999966621399,2.900000095367432,0.0,0.0,0.0
2026-10-05 11:00:00,6.464,7.466,6.464,0.0,0.0,0.0
2026-10-05 12:00:00,10.19,0.6,2.75,0.0,0.0,0.0
2026-10-05 13:00:00,10.19,0.6,2.75,0.0,0.0,0.0
2026-10-05 14:00:00,10.19,0.6,2.75,0.0,0.0,0.0
2026-10-05 15:00:00,11.51,0.6,2.75,0.0,0.0,0.0
2026-10-05 16:00:00,11.90999984741211,1.0,2.9200000762939453,0.0,0.0,0.0
2026-10-05 17:00:00,11.899999618530272,0.9900000095367432,2.940000057220459,0.0,0.0,0.0
2026-10-05 18:00:00,10.19,0.6,2.75,0.0,0.0,0.0
2026-10-05 19:00:00,12.07,0.6,2.75,0.0,0.0,0.0
2026-10-05 20:00:00,11.859999656677246,0.9900000095367432,3.0,0.0,0.0,0.0
2026-10-05 21:00:00,11.84000015258789,1.0,3.0199999809265137,0.0,0.0,0.0
2026-10-05 22:00:00,11.81999969482422,1.0,3.0299999713897705,0.0,0.0,0.0
2026-10-05 23:00:00,11.8100004196167,1.0,3.039999961853028,0.0,0.0,0.0
2026-10-06 00:00:00,11.789999961853027,1.0,3.059999942779541,,,
2026-10-06 01:00:00,11.770000457763672,1.0,3.069999933242798,0.0,0.0,0.0
2026-10-06 02:00:00,11.75,1.0099999904632568,3.0799999237060547,0.0,0.0,0.0
2026-10-06 03:00:00,11.729999542236328,1.0199999809265137,3.0799999237060547,0.0,0.0,0.0
2026-10-06 04:00:00,11.710000038146973,1.0199999809265137,3.0899999141693115,0.0,0.0,0.0
2026-10-06 05:00:00,11.68000030517578,1.0199999809265137,3.0899999141693115,,,
2026-10-06 06:00:00,11.649999618530272,1.0199999809265137,3.0999999046325684,,,
2026-10-06 07:00:00,11.619999885559082,1.0099999904632568,3.0999999046325684,,,
2026-10-06 08:00:00,11.600000381469728,1.0,3.0999999046325684,0.0,,0.0
2026-10-06 09:00:00,11.5600004196167,1.0,3.0999999046325684,0.0,0.0,0.0
2026-10-06 10:00:00,11.74,0.6,2.71,0.0,0.0,0.0
2026-10-06 11:00:00,10.19,0.6,10.39,0.0,0.0,0.0
2026-10-06 12:00:00,10.19,0.6,2.75,0.0,0.0,0.0
2026-10-06 13:00:00,9.91,0.6,2.75,0.0,0.0,0.0
2026-10-06 14:00:00,9.91,0.6,2.71,0.0,0.0,0.0
2026-10-06 15:00:00,11.300000190734863,1.0099999904632568,3.069999933242798,0.0,0.0,0.0
2026-10-06 16:00:00,11.41,0.6,10.37,0.0,0.0,0.0
2026-10-06 17:00:00,10.19,0.6,10.34,0.0,0.0,0.0
2026-10-06 18:00:00,10.19,0.6,10.34,0.0,0.0,0.0
2026-10-06 19:00:00,10.19,0.6,10.32,0.0,0.0,0.0
2026-10-06 20:00:00,10.19,0.6,10.39,0.0,0.0,0.0
2026-10-06 21:00:00,10.979999542236328,1.0099999904632568,2.970000028610229,0.0,0.0,0.0
2026-10-06 22:00:00,10.920000076293944,1.0,2.950000047683716,0.0,0.0,0.0
2026-10-06 23:00:00,10.880000114440918,0.9900000095367432,2.930000066757202,0.0,0.0,0.0
2026-10-07 00:00:00,10.829999923706056,0.9800000190734864,2.900000095367432,0.0,0.0,0.0
2026-10-07 01:00:00,10.779999732971191,0.9700000286102296,2.880000114440918,0.0,0.0,0.0
2026-10-07 02:00:00,10.729999542236328,0.9700000286102296,2.8499999046325684,0.0,0.0,0.0
2026-10-07 03:00:00,10.6899995803833,0.9700000286102296,2.809999942779541,0.0,0.0,0.0
2026-10-07 04:00:00,10.65999984741211,0.959999978542328,2.7799999713897705,0.0,0.0,0.0
2026-10-07 05:00:00,10.649999618530272,0.959999978542328,2.740000009536743,0.0,0.0,0.0
2026-10-07 06:00:00,10.640000343322754,0.949999988079071,2.700000047683716,0.0,0.0,0.0
2026-10-07 07:00:00,10.630000114440918,0.9300000071525574,2.650000095367432,0.0,0.0,0.0
2026-10-07 08:00:00,10.619999885559082,0.8399999737739563,2.619999885559082,0.0,0.0,0.0
2026-10-07 09:00:00,10.609999656677246,0.7200000286102295,2.609999895095825,0.0,0.0,0.0
2026-10-07 10:00:00,10.19,0.6,2.75,0.0,0.0,0.0
2026-10-07 11:00:00,10.19,0.6,10.33,0.0,0.0,0.0
2026-10-07 12:00:00,10.19,0.63,10.33,0.0,0.0,0.0
